{
  "1341868920": {
    "chat": {
      "state": null,
      "data": {},
      "last_activity": 1748705569.5284514
    },
    "profile_update": {
      "state": "field_selection",
      "data": {},
      "last_activity": 1748705569.6749058
    }
  }
}